{
  "success": true,
  "metrics": {
    "initial_loss": 5.03927755355835,
    "final_loss": 2.5858981609344482,
    "improvement": 2.4533793926239014,
    "iterations": 20,
    "total_params": 116480
  },
  "config": {
    "vocab_size": 128,
    "n_layer": 2,
    "n_head": 2,
    "n_embd": 64,
    "block_size": 32
  }
}